<?xml version="1.0" encoding="UTF-8"?>

<!DOCTYPE tiles-definitions PUBLIC
       "-//Apache Software Foundation//DTD Tiles Configuration 3.0//EN"
       "http://tiles.apache.org/dtds/tiles-config_3_0.dtd">

<tiles-definitions>
 <definition name="nurseBaseLayout" template="/WEB-INF/views/nurse/baseLayout.jsp">
   <put-attribute name="header" value="/WEB-INF/views/nurse/header.jsp"></put-attribute>
   <put-attribute name="menu" value="/WEB-INF/views/nurse/menu.jsp"></put-attribute>
   <put-attribute name="body" value="/WEB-INF/views/nurse/body.jsp"></put-attribute>
   <put-attribute name="footer" value="/WEB-INF/views/nurse/footer.jsp"></put-attribute>
 </definition>
 
 <definition name="nurBoard" extends="nurseBaseLayout">
   <put-attribute name="body" value="/WEB-INF/views/nurse/nurseList.jsp"></put-attribute>
 </definition>
 <definition name="patAdd" extends="baseLayout">
   <put-attribute name="body" value="/WEB-INF/views/addnurse.jsp"></put-attribute>
 </definition>
 <definition name="editP" extends="baseLayout">
   <put-attribute name="body" value="/WEB-INF/views/editnurse.jsp"></put-attribute>
 </definition>
   <definition name="addnurseDefn" extends="nurseBaseLayout">
 <put-attribute name="body" value="/WEB-INF/views/nurse/addnurse.jsp"></put-attribute>
 </definition>
 <definition name="addnurseDefn" extends="nurseBaseLayout">
 <put-attribute name="body" value="/WEB-INF/views/addnurse.jsp"></put-attribute>
 </definition>
 <definition name="editnurse" extends="baseLayout">
 <put-attribute name="body" value="/WEB-INF/views/editnurse.jsp"></put-attribute>
 </definition>
 
  <definition name="editnurseDefnByAdmin" extends="baseLayout">
 <put-attribute name="body" value="/WEB-INF/views/admin/editnurse.jsp"></put-attribute>
 </definition>
 
 
 
</tiles-definitions>       